﻿<?xml version="1.0" encoding="utf-8"?>
<?xml-stylesheet type="text/xsl" href="c:\program files (x86)\microsoft visual studio 11.0\team tools\static analysis tools\fxcop\Xml\CodeAnalysisReport.xsl"?>
<FxCopReport Version="11.0">
 <Targets>
  <Target Name="C:\src\ServiceStack\src\ServiceStack.Client\bin\Release\ServiceStack.Client.dll">
   <Modules>
    <Module Name="servicestack.client.dll">
     <Namespaces>
      <Namespace Name="ServiceStack">
       <Types>
        <Type Name="AsyncServiceClient" Kind="Class" Accessibility="Public" ExternallyVisible="True">
         <Members>
          <Member Name="#ReadCallBack`1(System.Threading.Tasks.Task`1&lt;System.Int32&gt;,ServiceStack.AsyncState`1&lt;!!0&gt;)" Kind="Method" Static="False" Accessibility="Private" ExternallyVisible="False">
           <Messages>
            <Message TypeName="Do not dispose objects multiple times" Category="Microsoft.Usage" CheckId="CA2202" Status="Active" Created="2014-10-14 02:59:32Z" FixCategory="DependsOnFix">
             <Issue Certainty="75" Level="Warning" Path="c:\src\ServiceStack\src\ServiceStack.Client" File="AsyncServiceClient.cs" Line="360">Object 'reader' can be disposed more than once in method 'AsyncServiceClient.ReadCallBack&lt;T&gt;(Task&lt;int&gt;, AsyncState&lt;T&gt;)'. To avoid generating a System.ObjectDisposedException you should not call Dispose more than one time on an object.: Lines: 360</Issue>
            </Message>
           </Messages>
          </Member>
         </Members>
        </Type>
        <Type Name="AsyncState`1" Kind="Class" Accessibility="Public" ExternallyVisible="True">
         <Messages>
          <Message TypeName="ImplementIDisposableCorrectly" Category="Microsoft.Design" CheckId="CA1063" Status="Active" Created="2014-10-14 02:59:32Z" FixCategory="Breaking">
           <Issue Name="ProvideDisposeBool" Certainty="95" Level="Error">Provide an overridable implementation of Dispose(bool) on 'AsyncState&lt;TResponse&gt;' or mark the type as sealed. A call to Dispose(false) should only clean up native resources. A call to Dispose(true) should clean up both managed and native resources.</Issue>
          </Message>
         </Messages>
         <Members>
          <Member Name="#Dispose()" Kind="Method" Static="False" Accessibility="Public" ExternallyVisible="True">
           <Messages>
            <Message TypeName="ImplementIDisposableCorrectly" Category="Microsoft.Design" CheckId="CA1063" Status="Active" Created="2014-10-14 02:59:32Z" FixCategory="Breaking">
             <Issue Name="DisposeImplementation" Certainty="95" Level="Error" Path="c:\src\ServiceStack\src\ServiceStack.Client" File="AsyncState.cs" Line="147">Modify 'AsyncState&lt;TResponse&gt;.Dispose()' so that it calls Dispose(true), then calls GC.SuppressFinalize on the current object instance ('this' or 'Me' in Visual Basic), and then returns.</Issue>
            </Message>
           </Messages>
          </Member>
         </Members>
        </Type>
        <Type Name="AsyncTimer" Kind="Class" Accessibility="Public" ExternallyVisible="True">
         <Messages>
          <Message TypeName="ImplementIDisposableCorrectly" Category="Microsoft.Design" CheckId="CA1063" Status="Active" Created="2014-10-14 02:59:32Z" FixCategory="Breaking">
           <Issue Name="ProvideDisposeBool" Certainty="95" Level="Error">Provide an overridable implementation of Dispose(bool) on 'AsyncTimer' or mark the type as sealed. A call to Dispose(false) should only clean up native resources. A call to Dispose(true) should clean up both managed and native resources.</Issue>
          </Message>
         </Messages>
         <Members>
          <Member Name="#Dispose()" Kind="Method" Static="False" Accessibility="Public" ExternallyVisible="True">
           <Messages>
            <Message TypeName="ImplementIDisposableCorrectly" Category="Microsoft.Design" CheckId="CA1063" Status="Active" Created="2014-10-14 02:59:32Z" FixCategory="Breaking">
             <Issue Name="DisposeImplementation" Certainty="95" Level="Error" Path="c:\src\ServiceStack\src\ServiceStack.Client" File="PclExportClient.Net40.cs" Line="89">Modify 'AsyncTimer.Dispose()' so that it calls Dispose(true), then calls GC.SuppressFinalize on the current object instance ('this' or 'Me' in Visual Basic), and then returns.</Issue>
            </Message>
           </Messages>
          </Member>
         </Members>
        </Type>
        <Type Name="AuthenticationException" Kind="Class" Accessibility="Public" ExternallyVisible="True">
         <Messages>
          <Message TypeName="MarkISerializableTypesWithSerializable" Category="Microsoft.Usage" CheckId="CA2237" Status="Active" Created="2014-10-14 02:59:32Z" FixCategory="NonBreaking">
           <Issue Certainty="95" Level="Error">Add [Serializable] to 'AuthenticationException' as this type implements ISerializable.</Issue>
          </Message>
         </Messages>
        </Type>
        <Type Name="ServerEventsClient" Kind="Class" Accessibility="Public" ExternallyVisible="True">
         <Messages>
          <Message TypeName="ImplementIDisposableCorrectly" Category="Microsoft.Design" CheckId="CA1063" Status="Active" Created="2014-10-14 02:59:32Z" FixCategory="Breaking">
           <Issue Name="ProvideDisposeBool" Certainty="95" Level="Error">Provide an overridable implementation of Dispose(bool) on 'ServerEventsClient' or mark the type as sealed. A call to Dispose(false) should only clean up native resources. A call to Dispose(true) should clean up both managed and native resources.</Issue>
          </Message>
         </Messages>
         <Members>
          <Member Name="#Dispose()" Kind="Method" Static="False" Accessibility="Public" ExternallyVisible="True">
           <Messages>
            <Message Id="cancel" TypeName="DisposableFieldsShouldBeDisposed" Category="Microsoft.Usage" CheckId="CA2213" Status="Active" Created="2014-10-14 02:59:32Z" FixCategory="NonBreaking">
             <Issue Certainty="75" Level="Warning" Path="c:\src\ServiceStack\src\ServiceStack.Client" File="ServerEventsClient.cs" Line="497">'ServerEventsClient' contains field 'ServerEventsClient.cancel' that is of IDisposable type: 'CancellationTokenSource'. Change the Dispose method on 'ServerEventsClient' to call Dispose or Close on this field.</Issue>
            </Message>
            <Message TypeName="ImplementIDisposableCorrectly" Category="Microsoft.Design" CheckId="CA1063" Status="Active" Created="2014-10-14 02:59:32Z" FixCategory="Breaking">
             <Issue Name="DisposeImplementation" Certainty="95" Level="Error" Path="c:\src\ServiceStack\src\ServiceStack.Client" File="ServerEventsClient.cs" Line="497">Modify 'ServerEventsClient.Dispose()' so that it calls Dispose(true), then calls GC.SuppressFinalize on the current object instance ('this' or 'Me' in Visual Basic), and then returns.</Issue>
            </Message>
           </Messages>
          </Member>
         </Members>
        </Type>
        <Type Name="ServiceClientBase" Kind="Class" Accessibility="Public" ExternallyVisible="True">
         <Members>
          <Member Name="#.ctor()" Kind="Method" Static="False" Accessibility="Family" ExternallyVisible="True">
           <Messages>
            <Message TypeName="DoNotCallOverridableMethodsInConstructors" Category="Microsoft.Usage" CheckId="CA2214" Status="Active" Created="2014-10-14 02:59:32Z" FixCategory="NonBreaking">
             <Issue Certainty="95" Level="CriticalWarning" Path="c:\src\ServiceStack\src\ServiceStack.Client" File="ServiceClientBase.cs" Line="336">'ServiceClientBase.ServiceClientBase()' contains a call chain that results in a call to a virtual method defined by the class. Review the following call stack for unintended consequences: &#xD;&#xA;&#xD;&#xA;ServiceClientBase..ctor()&#xD;&#xA;ServiceClientBase.get_ContentType():String</Issue>
            </Message>
           </Messages>
          </Member>
          <Member Name="#Dispose()" Kind="Method" Static="False" Accessibility="Public" ExternallyVisible="True">
           <Messages>
            <Message TypeName="ImplementIDisposableCorrectly" Category="Microsoft.Design" CheckId="CA1063" Status="Active" Created="2014-10-14 02:59:32Z" FixCategory="Breaking">
             <Issue Name="DisposeImplementation" Certainty="95" Level="Error" Path="c:\src\ServiceStack\src\ServiceStack.Client" File="ServiceClientBase.cs" Line="1360">Modify 'ServiceClientBase.Dispose()' so that it calls Dispose(true), then calls GC.SuppressFinalize on the current object instance ('this' or 'Me' in Visual Basic), and then returns.</Issue>
            </Message>
           </Messages>
          </Member>
          <Member Name="#HandleResponse`1(System.Net.WebResponse)" Kind="Method" Static="False" Accessibility="Private" ExternallyVisible="False">
           <Messages>
            <Message TypeName="Do not dispose objects multiple times" Category="Microsoft.Usage" CheckId="CA2202" Status="Active" Created="2014-10-14 02:59:32Z" FixCategory="DependsOnFix">
             <Issue Certainty="75" Level="Warning" Path="c:\src\ServiceStack\src\ServiceStack.Client" File="ServiceClientBase.cs" Line="1355">Object 'responseStream' can be disposed more than once in method 'ServiceClientBase.HandleResponse&lt;TResponse&gt;(WebResponse)'. To avoid generating a System.ObjectDisposedException you should not call Dispose more than one time on an object.: Lines: 1355</Issue>
            </Message>
           </Messages>
          </Member>
          <Member Name="#PrepareWebRequest(System.String,System.String,System.Object,System.Action`1&lt;System.Net.HttpWebRequest&gt;)" Kind="Method" Static="False" Accessibility="Private" ExternallyVisible="False">
           <Messages>
            <Message TypeName="RethrowToPreserveStackDetails" Category="Microsoft.Usage" CheckId="CA2200" Status="Active" Created="2014-10-14 02:59:32Z" FixCategory="NonBreaking">
             <Issue Certainty="95" Level="Error" Path="c:\src\ServiceStack\src\ServiceStack.Client" File="ServiceClientBase.cs" Line="703">'ServiceClientBase.PrepareWebRequest(string, string, object, Action&lt;HttpWebRequest&gt;)' rethrows a caught exception and specifies it explicitly as an argument. Use 'throw' without an argument instead, in order to preserve the stack location where the exception was initially raised.</Issue>
            </Message>
           </Messages>
          </Member>
         </Members>
        </Type>
        <Type Name="WcfServiceClient" Kind="Class" Accessibility="Public" ExternallyVisible="True">
         <Members>
          <Member Name="#Dispose()" Kind="Method" Static="False" Accessibility="Public" ExternallyVisible="True">
           <Messages>
            <Message TypeName="ImplementIDisposableCorrectly" Category="Microsoft.Design" CheckId="CA1063" Status="Active" Created="2014-10-14 02:59:32Z" FixCategory="Breaking">
             <Issue Name="DisposeImplementation" Certainty="95" Level="Error" Path="c:\src\ServiceStack\src\ServiceStack.Client" File="WcfServiceClient.cs" Line="662">Modify 'WcfServiceClient.Dispose()' so that it calls Dispose(true), then calls GC.SuppressFinalize on the current object instance ('this' or 'Me' in Visual Basic), and then returns.</Issue>
            </Message>
           </Messages>
          </Member>
         </Members>
        </Type>
        <Type Name="WebServiceException" Kind="Class" Accessibility="Public" ExternallyVisible="True">
         <Messages>
          <Message TypeName="ImplementISerializableCorrectly" Category="Microsoft.Usage" CheckId="CA2240" Status="Active" Created="2014-10-14 02:59:32Z" FixCategory="NonBreaking">
           <Issue Certainty="60" Level="Error">Add an implementation of GetObjectData to type 'WebServiceException'.</Issue>
          </Message>
         </Messages>
        </Type>
       </Types>
      </Namespace>
      <Namespace Name="ServiceStack.Messaging">
       <Types>
        <Type Name="InMemoryMessageQueueClient" Kind="Class" Accessibility="Public" ExternallyVisible="True">
         <Messages>
          <Message TypeName="ImplementIDisposableCorrectly" Category="Microsoft.Design" CheckId="CA1063" Status="Active" Created="2014-10-14 02:59:32Z" FixCategory="Breaking">
           <Issue Name="ProvideDisposeBool" Certainty="95" Level="Error">Provide an overridable implementation of Dispose(bool) on 'InMemoryMessageQueueClient' or mark the type as sealed. A call to Dispose(false) should only clean up native resources. A call to Dispose(true) should clean up both managed and native resources.</Issue>
          </Message>
         </Messages>
         <Members>
          <Member Name="#Dispose()" Kind="Method" Static="False" Accessibility="Public" ExternallyVisible="True">
           <Messages>
            <Message TypeName="ImplementIDisposableCorrectly" Category="Microsoft.Design" CheckId="CA1063" Status="Active" Created="2014-10-14 02:59:32Z" FixCategory="Breaking">
             <Issue Name="DisposeImplementation" Certainty="95" Level="Error" Path="c:\src\ServiceStack\src\ServiceStack.Client\Messaging" File="InMemoryMessageQueueClient.cs" Line="104">Modify 'InMemoryMessageQueueClient.Dispose()' so that it calls Dispose(true), then calls GC.SuppressFinalize on the current object instance ('this' or 'Me' in Visual Basic), and then returns.</Issue>
            </Message>
           </Messages>
          </Member>
         </Members>
        </Type>
        <Type Name="MessageQueueClientFactory" Kind="Class" Accessibility="Public" ExternallyVisible="True">
         <Messages>
          <Message TypeName="ImplementIDisposableCorrectly" Category="Microsoft.Design" CheckId="CA1063" Status="Active" Created="2014-10-14 02:59:32Z" FixCategory="Breaking">
           <Issue Name="ProvideDisposeBool" Certainty="95" Level="Error">Provide an overridable implementation of Dispose(bool) on 'MessageQueueClientFactory' or mark the type as sealed. A call to Dispose(false) should only clean up native resources. A call to Dispose(true) should clean up both managed and native resources.</Issue>
          </Message>
         </Messages>
         <Members>
          <Member Name="#Dispose()" Kind="Method" Static="False" Accessibility="Public" ExternallyVisible="True">
           <Messages>
            <Message TypeName="ImplementIDisposableCorrectly" Category="Microsoft.Design" CheckId="CA1063" Status="Active" Created="2014-10-14 02:59:32Z" FixCategory="Breaking">
             <Issue Name="DisposeImplementation" Certainty="95" Level="Error" Path="c:\src\ServiceStack\src\ServiceStack.Client\Messaging" File="MessageQueueClientFactory.cs" Line="79">Modify 'MessageQueueClientFactory.Dispose()' so that it calls Dispose(true), then calls GC.SuppressFinalize on the current object instance ('this' or 'Me' in Visual Basic), and then returns.</Issue>
            </Message>
           </Messages>
          </Member>
         </Members>
        </Type>
        <Type Name="RedisMessageFactory" Kind="Class" Accessibility="Public" ExternallyVisible="True">
         <Messages>
          <Message TypeName="ImplementIDisposableCorrectly" Category="Microsoft.Design" CheckId="CA1063" Status="Active" Created="2014-10-14 02:59:32Z" FixCategory="Breaking">
           <Issue Name="ProvideDisposeBool" Certainty="95" Level="Error">Provide an overridable implementation of Dispose(bool) on 'RedisMessageFactory' or mark the type as sealed. A call to Dispose(false) should only clean up native resources. A call to Dispose(true) should clean up both managed and native resources.</Issue>
          </Message>
         </Messages>
         <Members>
          <Member Name="#Dispose()" Kind="Method" Static="False" Accessibility="Public" ExternallyVisible="True">
           <Messages>
            <Message TypeName="ImplementIDisposableCorrectly" Category="Microsoft.Design" CheckId="CA1063" Status="Active" Created="2014-10-14 02:59:32Z" FixCategory="Breaking">
             <Issue Name="DisposeImplementation" Certainty="95" Level="Error" Path="c:\src\ServiceStack\src\ServiceStack.Client\Messaging" File="RedisMessageFactory.cs" Line="29">Modify 'RedisMessageFactory.Dispose()' so that it calls Dispose(true), then calls GC.SuppressFinalize on the current object instance ('this' or 'Me' in Visual Basic), and then returns.</Issue>
            </Message>
           </Messages>
          </Member>
         </Members>
        </Type>
        <Type Name="RedisMessageProducer" Kind="Class" Accessibility="Public" ExternallyVisible="True">
         <Messages>
          <Message TypeName="ImplementIDisposableCorrectly" Category="Microsoft.Design" CheckId="CA1063" Status="Active" Created="2014-10-14 02:59:32Z" FixCategory="Breaking">
           <Issue Name="ProvideDisposeBool" Certainty="95" Level="Error">Provide an overridable implementation of Dispose(bool) on 'RedisMessageProducer' or mark the type as sealed. A call to Dispose(false) should only clean up native resources. A call to Dispose(true) should clean up both managed and native resources.</Issue>
          </Message>
         </Messages>
         <Members>
          <Member Name="#Dispose()" Kind="Method" Static="False" Accessibility="Public" ExternallyVisible="True">
           <Messages>
            <Message TypeName="ImplementIDisposableCorrectly" Category="Microsoft.Design" CheckId="CA1063" Status="Active" Created="2014-10-14 02:59:32Z" FixCategory="Breaking">
             <Issue Name="DisposeImplementation" Certainty="95" Level="Error" Path="c:\src\ServiceStack\src\ServiceStack.Client\Messaging" File="RedisMessageProducer.cs" Line="99">Modify 'RedisMessageProducer.Dispose()' so that it calls Dispose(true), then calls GC.SuppressFinalize on the current object instance ('this' or 'Me' in Visual Basic), and then returns.</Issue>
            </Message>
           </Messages>
          </Member>
         </Members>
        </Type>
        <Type Name="RedisMessageQueueClient" Kind="Class" Accessibility="Public" ExternallyVisible="True">
         <Messages>
          <Message TypeName="ImplementIDisposableCorrectly" Category="Microsoft.Design" CheckId="CA1063" Status="Active" Created="2014-10-14 02:59:32Z" FixCategory="Breaking">
           <Issue Name="ProvideDisposeBool" Certainty="95" Level="Error">Provide an overridable implementation of Dispose(bool) on 'RedisMessageQueueClient' or mark the type as sealed. A call to Dispose(false) should only clean up native resources. A call to Dispose(true) should clean up both managed and native resources.</Issue>
          </Message>
         </Messages>
         <Members>
          <Member Name="#Dispose()" Kind="Method" Static="False" Accessibility="Public" ExternallyVisible="True">
           <Messages>
            <Message TypeName="ImplementIDisposableCorrectly" Category="Microsoft.Design" CheckId="CA1063" Status="Active" Created="2014-10-14 02:59:32Z" FixCategory="Breaking">
             <Issue Name="DisposeImplementation" Certainty="95" Level="Error" Path="c:\src\ServiceStack\src\ServiceStack.Client\Messaging" File="RedisMessageQueueClient.cs" Line="172">Modify 'RedisMessageQueueClient.Dispose()' so that it calls Dispose(true), then calls GC.SuppressFinalize on the current object instance ('this' or 'Me' in Visual Basic), and then returns.</Issue>
            </Message>
           </Messages>
          </Member>
         </Members>
        </Type>
        <Type Name="RedisMessageQueueClientFactory" Kind="Class" Accessibility="Public" ExternallyVisible="True">
         <Messages>
          <Message TypeName="ImplementIDisposableCorrectly" Category="Microsoft.Design" CheckId="CA1063" Status="Active" Created="2014-10-14 02:59:32Z" FixCategory="Breaking">
           <Issue Name="ProvideDisposeBool" Certainty="95" Level="Error">Provide an overridable implementation of Dispose(bool) on 'RedisMessageQueueClientFactory' or mark the type as sealed. A call to Dispose(false) should only clean up native resources. A call to Dispose(true) should clean up both managed and native resources.</Issue>
          </Message>
         </Messages>
         <Members>
          <Member Name="#Dispose()" Kind="Method" Static="False" Accessibility="Public" ExternallyVisible="True">
           <Messages>
            <Message TypeName="ImplementIDisposableCorrectly" Category="Microsoft.Design" CheckId="CA1063" Status="Active" Created="2014-10-14 02:59:32Z" FixCategory="Breaking">
             <Issue Name="DisposeImplementation" Certainty="95" Level="Error" Path="c:\src\ServiceStack\src\ServiceStack.Client\Messaging" File="RedisMessageQueueClientFactory.cs" Line="30">Modify 'RedisMessageQueueClientFactory.Dispose()' so that it calls Dispose(true), then calls GC.SuppressFinalize on the current object instance ('this' or 'Me' in Visual Basic), and then returns.</Issue>
            </Message>
           </Messages>
          </Member>
         </Members>
        </Type>
       </Types>
      </Namespace>
      <Namespace Name="ServiceStack.Serialization">
       <Types>
        <Type Name="DataContractSerializer" Kind="Class" Accessibility="Public" ExternallyVisible="True">
         <Members>
          <Member Name="#CompressToStream`1(!!0,System.IO.Stream)" Kind="Method" Static="False" Accessibility="Public" ExternallyVisible="True">
           <Messages>
            <Message TypeName="Do not dispose objects multiple times" Category="Microsoft.Usage" CheckId="CA2202" Status="Active" Created="2014-10-14 02:59:32Z" FixCategory="DependsOnFix">
             <Issue Certainty="75" Level="Warning" Path="c:\src\ServiceStack\src\ServiceStack.Client\Serialization" File="DataContractSerializer.cs" Line="106">Object 'deflateStream' can be disposed more than once in method 'DataContractSerializer.CompressToStream&lt;XmlDto&gt;(XmlDto, Stream)'. To avoid generating a System.ObjectDisposedException you should not call Dispose more than one time on an object.: Lines: 106</Issue>
             <Issue Certainty="75" Level="Warning" Path="c:\src\ServiceStack\src\ServiceStack.Client\Serialization" File="DataContractSerializer.cs" Line="106">Object 'stream' can be disposed more than once in method 'DataContractSerializer.CompressToStream&lt;XmlDto&gt;(XmlDto, Stream)'. To avoid generating a System.ObjectDisposedException you should not call Dispose more than one time on an object.: Lines: 106</Issue>
            </Message>
           </Messages>
          </Member>
          <Member Name="#Parse`1(!!0,System.Boolean)" Kind="Method" Static="False" Accessibility="Public" ExternallyVisible="True">
           <Messages>
            <Message TypeName="Do not dispose objects multiple times" Category="Microsoft.Usage" CheckId="CA2202" Status="Active" Created="2014-10-14 02:59:32Z" FixCategory="DependsOnFix">
             <Issue Certainty="75" Level="Warning" Path="c:\src\ServiceStack\src\ServiceStack.Client\Serialization" File="DataContractSerializer.cs" Line="64">Object 'ms' can be disposed more than once in method 'DataContractSerializer.Parse&lt;XmlDto&gt;(XmlDto, bool)'. To avoid generating a System.ObjectDisposedException you should not call Dispose more than one time on an object.: Lines: 64</Issue>
            </Message>
           </Messages>
          </Member>
         </Members>
        </Type>
        <Type Name="JsonDataContractSerializer" Kind="Class" Accessibility="Public" ExternallyVisible="True">
         <Members>
          <Member Name="#SerializeToString`1(!!0)" Kind="Method" Static="False" Accessibility="Public" ExternallyVisible="True">
           <Messages>
            <Message TypeName="Do not dispose objects multiple times" Category="Microsoft.Usage" CheckId="CA2202" Status="Active" Created="2014-10-14 02:59:32Z" FixCategory="DependsOnFix">
             <Issue Certainty="75" Level="Warning" Path="c:\src\ServiceStack\src\ServiceStack.Client\Serialization" File="JsonDataContractSerializer.cs" Line="43">Object 'ms' can be disposed more than once in method 'JsonDataContractSerializer.SerializeToString&lt;T&gt;(T)'. To avoid generating a System.ObjectDisposedException you should not call Dispose more than one time on an object.: Lines: 43</Issue>
            </Message>
           </Messages>
          </Member>
         </Members>
        </Type>
        <Type Name="XmlSerializableSerializer" Kind="Class" Accessibility="Public" ExternallyVisible="True">
         <Members>
          <Member Name="#SerializeToString`1(!!0)" Kind="Method" Static="False" Accessibility="Public" ExternallyVisible="True">
           <Messages>
            <Message TypeName="Do not dispose objects multiple times" Category="Microsoft.Usage" CheckId="CA2202" Status="Active" Created="2014-10-14 02:59:32Z" FixCategory="DependsOnFix">
             <Issue Certainty="75" Level="Warning" Path="c:\src\ServiceStack\src\ServiceStack.Client\Serialization" File="XmlSerializableSerializer.cs" Line="29">Object 'ms' can be disposed more than once in method 'XmlSerializableSerializer.SerializeToString&lt;XmlDto&gt;(XmlDto)'. To avoid generating a System.ObjectDisposedException you should not call Dispose more than one time on an object.: Lines: 29</Issue>
            </Message>
           </Messages>
          </Member>
         </Members>
        </Type>
       </Types>
      </Namespace>
      <Namespace Name="ServiceStack.Support">
       <Types>
        <Type Name="NetDeflateProvider" Kind="Class" Accessibility="Public" ExternallyVisible="True">
         <Members>
          <Member Name="#Deflate(System.String)" Kind="Method" Static="False" Accessibility="Public" ExternallyVisible="True">
           <Messages>
            <Message TypeName="Do not dispose objects multiple times" Category="Microsoft.Usage" CheckId="CA2202" Status="Active" Created="2014-10-14 02:59:32Z" FixCategory="DependsOnFix">
             <Issue Certainty="75" Level="Warning" Path="c:\src\ServiceStack\src\ServiceStack.Client\Support" File="NetDeflateProvider.cs" Line="21">Object 'ms' can be disposed more than once in method 'NetDeflateProvider.Deflate(string)'. To avoid generating a System.ObjectDisposedException you should not call Dispose more than one time on an object.: Lines: 21</Issue>
             <Issue Certainty="75" Level="Warning" Path="c:\src\ServiceStack\src\ServiceStack.Client\Support" File="NetDeflateProvider.cs" Line="21">Object 'zipStream' can be disposed more than once in method 'NetDeflateProvider.Deflate(string)'. To avoid generating a System.ObjectDisposedException you should not call Dispose more than one time on an object.: Lines: 21</Issue>
            </Message>
           </Messages>
          </Member>
          <Member Name="#Inflate(System.Byte[])" Kind="Method" Static="False" Accessibility="Public" ExternallyVisible="True">
           <Messages>
            <Message TypeName="Do not dispose objects multiple times" Category="Microsoft.Usage" CheckId="CA2202" Status="Active" Created="2014-10-14 02:59:32Z" FixCategory="DependsOnFix">
             <Issue Certainty="75" Level="Warning" Path="c:\src\ServiceStack\src\ServiceStack.Client\Support" File="NetDeflateProvider.cs" Line="31">Object 'compressedStream' can be disposed more than once in method 'NetDeflateProvider.Inflate(byte[])'. To avoid generating a System.ObjectDisposedException you should not call Dispose more than one time on an object.: Lines: 31</Issue>
            </Message>
           </Messages>
          </Member>
         </Members>
        </Type>
        <Type Name="NetGZipProvider" Kind="Class" Accessibility="Public" ExternallyVisible="True">
         <Members>
          <Member Name="#GUnzip(System.Byte[])" Kind="Method" Static="False" Accessibility="Public" ExternallyVisible="True">
           <Messages>
            <Message TypeName="Do not dispose objects multiple times" Category="Microsoft.Usage" CheckId="CA2202" Status="Active" Created="2014-10-14 02:59:32Z" FixCategory="DependsOnFix">
             <Issue Certainty="75" Level="Warning" Path="c:\src\ServiceStack\src\ServiceStack.Client\Support" File="NetGZipProvider.cs" Line="30">Object 'compressedStream' can be disposed more than once in method 'NetGZipProvider.GUnzip(byte[])'. To avoid generating a System.ObjectDisposedException you should not call Dispose more than one time on an object.: Lines: 30</Issue>
            </Message>
           </Messages>
          </Member>
          <Member Name="#GZip(System.String)" Kind="Method" Static="False" Accessibility="Public" ExternallyVisible="True">
           <Messages>
            <Message TypeName="Do not dispose objects multiple times" Category="Microsoft.Usage" CheckId="CA2202" Status="Active" Created="2014-10-14 02:59:32Z" FixCategory="DependsOnFix">
             <Issue Certainty="75" Level="Warning" Path="c:\src\ServiceStack\src\ServiceStack.Client\Support" File="NetGZipProvider.cs" Line="20">Object 'ms' can be disposed more than once in method 'NetGZipProvider.GZip(string)'. To avoid generating a System.ObjectDisposedException you should not call Dispose more than one time on an object.: Lines: 20</Issue>
             <Issue Certainty="75" Level="Warning" Path="c:\src\ServiceStack\src\ServiceStack.Client\Support" File="NetGZipProvider.cs" Line="20">Object 'zipStream' can be disposed more than once in method 'NetGZipProvider.GZip(string)'. To avoid generating a System.ObjectDisposedException you should not call Dispose more than one time on an object.: Lines: 20</Issue>
            </Message>
           </Messages>
          </Member>
         </Members>
        </Type>
       </Types>
      </Namespace>
      <Namespace Name="ServiceStack.Validation">
       <Types>
        <Type Name="ValidationError" Kind="Class" Accessibility="Public" ExternallyVisible="True">
         <Messages>
          <Message TypeName="MarkISerializableTypesWithSerializable" Category="Microsoft.Usage" CheckId="CA2237" Status="Active" Created="2014-10-14 02:59:32Z" FixCategory="NonBreaking">
           <Issue Certainty="95" Level="Error">Add [Serializable] to 'ValidationError' as this type implements ISerializable.</Issue>
          </Message>
         </Messages>
        </Type>
       </Types>
      </Namespace>
     </Namespaces>
    </Module>
   </Modules>
  </Target>
 </Targets>
 <Rules>
  <Rule TypeName="DisposableFieldsShouldBeDisposed" Category="Microsoft.Usage" CheckId="CA2213">
   <Name>Disposable fields should be disposed</Name>
   <Description>If a type that implements IDisposable owns fields that also implement IDisposable, the encapsulating type's Dispose() implementation should call Dispose() on each disposable field.</Description>
   <Resolution Name="Default">{0} contains field {1} that is of IDisposable type: {2}. Change the Dispose method on {0} to call Dispose or Close on this field.</Resolution>
   <Owner />
   <Url>http://msdn.microsoft.com/library/ms182328(VS.100).aspx</Url>
   <Email>[none]</Email>
   <MessageLevel Certainty="75">Warning</MessageLevel>
   <File Name="usagerules.dll" Version="11.0.0.0" />
  </Rule>
  <Rule TypeName="Do not dispose objects multiple times" Category="Microsoft.Usage" CheckId="CA2202">
   <Name>Do not dispose objects multiple times</Name>
   <Description>A correctly implemented Dispose method can be called multiple times without throwing an exception. However, this is not guaranteed and to avoid generating a System.ObjectDisposedException you should not call Dispose more than one time on an object.</Description>
   <Resolution Name="Default">Object {0} can be disposed more than once in method {1}. To avoid generating a System.ObjectDisposedException you should not call Dispose more than one time on an object.: Lines: 30</Resolution>
   <Owner>RuleOwner</Owner>
   <Url>http://msdn.microsoft.com/library/ms182334(VS.100).aspx</Url>
   <Email />
   <MessageLevel Certainty="75">Warning</MessageLevel>
   <File Name="dataflowrules.dll" Version="11.0.0.0" />
  </Rule>
  <Rule TypeName="DoNotCallOverridableMethodsInConstructors" Category="Microsoft.Usage" CheckId="CA2214">
   <Name>Do not call overridable methods in constructors</Name>
   <Description>Virtual methods defined on the class should not be called from constructors. If a derived class has overridden the method, the derived class version will be called (before the derived class constructor is called).</Description>
   <Resolution Name="Default">{0} contains a call chain that results in a call to a virtual method defined by the class. Review the following call stack for unintended consequences: {1}</Resolution>
   <Owner />
   <Url>http://msdn.microsoft.com/library/ms182331(VS.100).aspx</Url>
   <Email>[none]</Email>
   <MessageLevel Certainty="95">CriticalWarning</MessageLevel>
   <File Name="usagerules.dll" Version="11.0.0.0" />
  </Rule>
  <Rule TypeName="ImplementIDisposableCorrectly" Category="Microsoft.Design" CheckId="CA1063">
   <Name>Implement IDisposable correctly</Name>
   <Description>All IDisposable types should implement the Dispose pattern correctly.</Description>
   <Resolution Name="DisposeImplementation">Modify {0} so that it calls Dispose(true), then calls GC.SuppressFinalize on the current object instance ('this' or 'Me' in Visual Basic), and then returns.</Resolution>
   <Resolution Name="ProvideDisposeBool">Provide an overridable implementation of Dispose(bool) on {0} or mark the type as sealed. A call to Dispose(false) should only clean up native resources. A call to Dispose(true) should clean up both managed and native resources.</Resolution>
   <Owner />
   <Url>http://msdn.microsoft.com/library/ms244737(VS.100).aspx</Url>
   <Email>[none]</Email>
   <MessageLevel Certainty="95">Error</MessageLevel>
   <File Name="designrules.dll" Version="11.0.0.0" />
  </Rule>
  <Rule TypeName="ImplementISerializableCorrectly" Category="Microsoft.Usage" CheckId="CA2240">
   <Name>Implement ISerializable correctly</Name>
   <Description>If a type is assignable to ISerializable, it should implement GetObjectData. For unsealed types, the GetObjectData method should be callable and overridable by derived types.</Description>
   <Resolution Name="Default">Add an implementation of GetObjectData to type {0}.</Resolution>
   <Owner />
   <Url>http://msdn.microsoft.com/library/ms182342(VS.100).aspx</Url>
   <Email>[none]</Email>
   <MessageLevel Certainty="60">Error</MessageLevel>
   <File Name="usagerules.dll" Version="11.0.0.0" />
  </Rule>
  <Rule TypeName="MarkISerializableTypesWithSerializable" Category="Microsoft.Usage" CheckId="CA2237">
   <Name>Mark ISerializable types with SerializableAttribute</Name>
   <Description>The System.Runtime.Serialization.ISerializable interface allows the type to customize its serialization, while the Serializable attribute enables the runtime to recognize the type as being serializable.</Description>
   <Resolution Name="Default">Add [Serializable] to {0} as this type implements ISerializable.</Resolution>
   <Owner />
   <Url>http://msdn.microsoft.com/library/ms182350(VS.100).aspx</Url>
   <Email>[none]</Email>
   <MessageLevel Certainty="75">Warning</MessageLevel>
   <File Name="usagerules.dll" Version="11.0.0.0" />
  </Rule>
  <Rule TypeName="RethrowToPreserveStackDetails" Category="Microsoft.Usage" CheckId="CA2200">
   <Name>Rethrow to preserve stack details</Name>
   <Description>Use the IL rethrow instruction to preserve original stack details when re-raising a caught exception.</Description>
   <Resolution Name="Default">{0} rethrows a caught exception and specifies it explicitly as an argument. Use 'throw' without an argument instead, in order to preserve the stack location where the exception was initially raised.</Resolution>
   <Owner />
   <Url>http://msdn.microsoft.com/library/ms182363(VS.100).aspx</Url>
   <Email>[none]</Email>
   <MessageLevel Certainty="95">Error</MessageLevel>
   <File Name="usagerules.dll" Version="11.0.0.0" />
  </Rule>
 </Rules>
 <Localized>
  <String Key="Category">Category</String>
  <String Key="Certainty">Certainty</String>
  <String Key="CollapseAll">Collapse All</String>
  <String Key="CheckId">Check Id</String>
  <String Key="Error">Error</String>
  <String Key="Errors">error(s)</String>
  <String Key="ExpandAll">Expand All</String>
  <String Key="Help">Help</String>
  <String Key="Line">Line</String>
  <String Key="Messages">message(s)</String>
  <String Key="LocationNotStoredInPdb">[Location not stored in Pdb]</String>
  <String Key="Project">Project</String>
  <String Key="Resolution">Resolution</String>
  <String Key="Rule">Rule</String>
  <String Key="RuleFile">Rule File</String>
  <String Key="RuleDescription">Rule Description</String>
  <String Key="Source">Source</String>
  <String Key="Status">Status</String>
  <String Key="Target">Target</String>
  <String Key="Warning">Warning</String>
  <String Key="Warnings">warning(s)</String>
  <String Key="ReportTitle">Code Analysis Report</String>
 </Localized>
</FxCopReport>
